"Reference","Qty","Value","DNP","Exclude from BOM","Exclude from Board","Footprint","Datasheet"
"C1","1","4.7uF","","","","Capacitor_SMD:CP_Elec_4x5.4",""
"C3,C4","2","22pF","","","","Capacitor_SMD:C_0603_1608Metric_Pad1.08x0.95mm_HandSolder",""
"C5,C21","2","1uF","","","","Capacitor_SMD:C_0603_1608Metric_Pad1.08x0.95mm_HandSolder",""
"C6,C8","2","100nF","","","","Capacitor_SMD:C_0603_1608Metric_Pad1.08x0.95mm_HandSolder",""
"C7,C18,C19","3","10uF","","","","Capacitor_SMD:C_0603_1608Metric_Pad1.08x0.95mm_HandSolder",""
"C9","1","10nF","","","","Capacitor_SMD:C_0603_1608Metric_Pad1.08x0.95mm_HandSolder",""
"C10","1","1nF","","","","Capacitor_SMD:C_0603_1608Metric_Pad1.08x0.95mm_HandSolder",""
"C11","1","33nF","","","","Capacitor_SMD:C_0603_1608Metric_Pad1.08x0.95mm_HandSolder",""
"C12","1","2.2nF","","","","Capacitor_SMD:C_0603_1608Metric_Pad1.08x0.95mm_HandSolder",""
"C13","1","4.7pF","","","","Capacitor_SMD:C_0603_1608Metric_Pad1.08x0.95mm_HandSolder",""
"C14","1","15pF","","","","Capacitor_SMD:C_0603_1608Metric_Pad1.08x0.95mm_HandSolder",""
"C15,C16","2","27pF","","","","Capacitor_SMD:C_0603_1608Metric_Pad1.08x0.95mm_HandSolder",""
"C17","1","1.5pF","","","","Capacitor_SMD:C_0603_1608Metric_Pad1.08x0.95mm_HandSolder",""
"C20,C23,C24,C25","4","0.1uF","","","","Capacitor_SMD:C_0603_1608Metric_Pad1.08x0.95mm_HandSolder",""
"C22","1","22uF","","","","Capacitor_SMD:CP_Elec_4x5.4",""
"CHG_LED1","1","A-SP1942Y3GHC-C01-2T","","","","lcsc_footprints:C19171267_LED-SMD_4P-L1_6-W1_5_A-SP1942Y3GHC-C01-2T","https://wmsc.lcsc.com/wmsc/upload/file/pdf/v2/lcsc/2311081131_Amicc-A-SP1942Y3GHC-C01-2T_C19171267.pdf"
"IC1","1","BMI270","","","","Package_LGA:Bosch_LGA-14_3x2.5mm_P0.5mm","https://www.bosch-sensortec.com/media/boschsensortec/downloads/datasheets/bst-bmi270-ds000.pdf"
"J1","1","solder pad","","","","Solder_Pads:01x02 Solder Pad 3mm Dia, 2mm Spacing",""
"J2","1","JST-XH-2 Pin","","","","Connector_JST:JST_XH_B2B-XH-A_1x02_P2.50mm_Vertical",""
"J4","1","JST_XH for led Strip","","","","Connector_JST:JST_XH_B3B-XH-A_1x03_P2.50mm_Vertical",""
"J5","1","Programming_Pins","","","","Connector_PinHeader_2.54mm:PinHeader_2x03_P2.54mm_Vertical",""
"L1","1","10uH","","","","Inductor_SMD:L_0805_2012Metric_Pad1.05x1.20mm_HandSolder",""
"L2","1","2.2uH","","","","Inductor_SMD:L_1008_2520Metric_Pad1.43x2.20mm_HandSolder",""
"L3","1","2.3nH","","","","Inductor_SMD:L_0201_0603Metric_Pad0.64x0.40mm_HandSolder",""
"L4","1","12nH","","","","Inductor_SMD:L_0402_1005Metric_Pad0.77x0.64mm_HandSolder",""
"L5","1","7.9nH","","","","Inductor_SMD:L_0402_1005Metric_Pad0.77x0.64mm_HandSolder",""
"L7","1","APH0518T1R0M","","","","lcsc_footprints:C5349672_IND-SMD_L5_4-W5_2","https://wmsc.lcsc.com/wmsc/upload/file/pdf/v2/lcsc/2404220915_APV-APH0518T1R0M_C5349672.pdf"
"LED1","1","LTST-C230KSKT","","","","lcsc_footprints:C125108_LED1206-RD_YELLOW-SIDE","https://www.lcsc.com/datasheet/lcsc_datasheet_1810231523_Lite-On-LTST-C230KSKT_C125108.pdf"
"PS1","1","LM3671MFX-3.3_NOPB","","","","Package_TO_SOT_SMD:SOT-23-5_HandSoldering","http://www.ti.com/lit/gpn/lm3671"
"R1,R2","2","5.1k","","","","Resistor_SMD:R_0603_1608Metric_Pad0.98x0.95mm_HandSolder",""
"R3,R11","2","1.18k","","","","Resistor_SMD:R_0603_1608Metric_Pad0.98x0.95mm_HandSolder",""
"R4,R5","2","3.3k","","","","Resistor_SMD:R_0603_1608Metric_Pad0.98x0.95mm_HandSolder",""
"R6","1","22k","","","","Resistor_SMD:R_0603_1608Metric_Pad0.98x0.95mm_HandSolder",""
"R7","1","1M","","","","Resistor_SMD:R_0603_1608Metric_Pad0.98x0.95mm_HandSolder",""
"R8","1","732k","","","","Resistor_SMD:R_0603_1608Metric_Pad0.98x0.95mm_HandSolder",""
"R9","1","100k","","","","Resistor_SMD:R_0603_1608Metric_Pad0.98x0.95mm_HandSolder",""
"R10","1","619","","","","Resistor_SMD:R_0603_1608Metric_Pad0.98x0.95mm_HandSolder",""
"R12","1","1.13k","","","","Resistor_SMD:R_0603_1608Metric_Pad0.98x0.95mm_HandSolder",""
"R13,R16,R19,R24","4","10k","","","","Resistor_SMD:R_0603_1608Metric_Pad0.98x0.95mm_HandSolder",""
"R14,R18","2","12k","","","","Resistor_SMD:R_0603_1608Metric_Pad0.98x0.95mm_HandSolder",""
"R15,R25","2","1k","","","","Resistor_SMD:R_0603_1608Metric_Pad0.98x0.95mm_HandSolder",""
"R17,R21,R22","3","0","","","","Resistor_SMD:R_0603_1608Metric_Pad0.98x0.95mm_HandSolder",""
"R20","1","560","","","","Resistor_SMD:R_0603_1608Metric_Pad0.98x0.95mm_HandSolder",""
"R23","1","JCHL GL5549(80-100)","","","","OptoDevice:R_LDR_4.9x4.2mm_P2.54mm_Vertical",""
"R26,R27","2","22","","","","Resistor_SMD:R_0603_1608Metric_Pad0.98x0.95mm_HandSolder",""
"SW1","1","K3-1391A","","","","lcsc_footprints:C92655_SW-TH_K3-1391A","https://www.lcsc.com/datasheet/lcsc_datasheet_1810291718_Korean-Hroparts-Elec-K3-1391A-51_C92655.pdf"
"SW2","1","SW_Push_DPDT","","","","Kicad:SW-TH_6P-L5.8-W5.8-P2.00-LS4.5-BL",""
"SW5","1","K2-1157SP-I4SW-04","","","","lcsc_footprints:C2909692_SW-SMD_4P-L6_2-W6_2-P4_50-LS8_6","https://wmsc.lcsc.com/wmsc/upload/file/pdf/v2/lcsc/2111050930_Korean-Hroparts-Elec-K2-1157SP-I4SW-01_C2909692.pdf"
"TH1","1","10k","","","","Resistor_THT:R_Axial_DIN0204_L3.6mm_D1.6mm_P5.08mm_Horizontal",""
"U1","1","BQ24074RGT","","","","Package_DFN_QFN:VQFN-16-1EP_3x3mm_P0.5mm_EP1.6x1.6mm","http://www.ti.com/lit/ds/symlink/bq24074.pdf"
"U2","1","ATmega32U4-M","","","","Package_DFN_QFN:QFN-44-1EP_7x7mm_P0.5mm_EP5.2x5.2mm","http://ww1.microchip.com/downloads/en/DeviceDoc/Atmel-7766-8-bit-AVR-ATmega16U4-32U4_Datasheet.pdf"
"U3","1","NRF24L01","","","","Package_DFN_QFN:QFN-20-1EP_4x4mm_P0.5mm_EP2.5x2.5mm","http://www.nordicsemi.com/eng/content/download/2730/34105/file/nRF24L01_Product_Specification_v2_0.pdf"
"U4","1","","","","","Kicad:2.4Ghz PCB Antenna",""
"U5","1","TPS61022","","","","Package_DFN_QFN:Texas_RWU0007A_VQFN-7_2x2mm_P0.5mm","https://www.ti.com/lit/ds/symlink/tps61022.pdf"
"U6,U7","2","TPS27081ADDCR","","","","lcsc_footprints:C128404_SOT-23-6_L2_9-W1_6-P0_95-LS2_8-BR","https://www.lcsc.com/datasheet/lcsc_datasheet_2303021300_Texas-Instruments-TPS27081ADDCR_C128404.pdf"
"USB1","1","TYPE-C 16P(073)","","","","lcsc_footprints:C668624_USB-C-SMD_TYPE-C16PIN_C668624","https://www.lcsc.com/datasheet/lcsc_datasheet_2006181823_SHOU-HAN-TYPE-C-16P-073_C668624.pdf"
"Y1","1","16Mhz","","","","Crystal:Crystal_HC49-4H_Vertical",""
"Y2","1","16mhz","","","","Crystal:Crystal_HC49-4H_Vertical",""
